number,product,filename
1,Pearl Millet Kambu,01-pearl-millet-kambu.png
2,White Sorghum,02-white-sorghum.png
3,Red Sorghum Desi,03-red-sorghum-desi.png
4,Kodo Millet Unpolished,04-kodo-millet-unpolished.png
5,Kodo Millet Semipolished,05-kodo-millet-semipolished.png
6,Kodo Millet Parboiled,06-kodo-millet-parboiled.png
7,Barnyard Millet Semipolished,07-barnyard-millet-semipolished.png
8,Barnyard Millet Parboiled,08-barnyard-millet-parboiled.png
9,Little Millet Parboiled,09-little-millet-parboiled.png
10,Finger Millet Ragi,10-finger-millet-ragi.png
11,Foxtail Millet,11-foxtail-millet.png
12,Browntop Millet,12-browntop-millet.png
13,Proso Millet Parboiled,13-proso-millet-parboiled.png
14,Horsegram Kollu,14-horsegram-kollu.png
15,Killankari Red Rice,15-killankari-red-rice.png
16,Poongar Red Rice,16-poongar-red-rice.png
17,Kerala Red Matta Rice Unpolished,17-kerala-red-matta-rice-unpolished.png
18,Mappillaisamba Red Rice Bridegroom Rice,18-mappillaisamba-red-rice-bridegroom-rice.png
19,Red Rice,19-red-rice.png
20,Palakkadan Matta Rice Semipolished,20-palakkadan-matta-rice-semipolished.png
